Text,True Label,Predicted Label,Prediction Probability
"The white man has no future in Canada , that is for sure , because the country is being flooded with non-white immigrants .",hate,hate,0.87841064
I take the assumption that your Nation is so crap is not worth remembering .,noHate,noHate,0.44274044
"If you want to hear what a black `` intellectual '' ( lol ) sounds like , check out the woman in this video trying to debate Dr. William Shockley .",hate,noHate,0.09736265
"I 've always considered teaching as one of the professions I would like to get into , but not in a neighbourhood like that ... never. kids like that disgust me .",hate,noHate,0.06405883
And the sad thing is the white students at those schools will act like that too .,hate,noHate,0.010947422
And my job lets me monitor all of Jewish supremacist control of talk radio .,noHate,hate,0.88020444
See the new thread @ https : //www.stormfront.org/forum/t989503/,noHate,noHate,0.011594164
I read a few things about him awhile back and he is far to the left as so many of them are .,noHate,noHate,0.027577294
This whole situation starts to become really bizarre .,noHate,noHate,0.19164707
They need the white male distracted as much as possible and of course the glorification of the groid ; two birds one stone .,hate,noHate,0.18995515
"I will at least never willingly pay to see this propaganda , maybe just watch it for free to show the influence the jews have got in the white genocide to people .",hate,hate,0.9512398
"Pretty soon , there 's not going to be anywhere left to run .",noHate,hate,0.6603317
I reported some time ago that negroes will even strip the bricks off your home while you are away at work .,hate,hate,0.9049708
This family that wants to complain about gays should come to San Francisco and raise some hell at these gay pride events .... a much better target ..... and these people in San Francisco openly blasphemied Christ with their parody of ' The Last Supper `` as their poster for their last event .,hate,hate,0.85520977
That or it might be that Blacks have smaller brains and an IQ 15-30 points lower than that of White people on average .,hate,noHate,0.43514127
"We have two things wrong here , Mexcicans in a White homeland and a Pizza company sending a female in harms way .",hate,hate,0.8792783
How much longer are we going to wait for them to take care of themselves ?,hate,hate,0.5433363
I hear that McDonalds is coming to their aid .,noHate,noHate,0.09220315
That's all I needed to hear .,noHate,noHate,0.047820956
Blacks hate whites .,hate,hate,0.72022265
The media wants to bury the story because they care more about homo killers not getting their sick fetish for young boys fufilled .,hate,hate,0.93668824
The white churches ' billboards look like lunch break at the UN .,noHate,noHate,0.10000407
I'm sure the negro had it coming .,hate,hate,0.78315693
ZOG is getting rid of every White-dominated area in the world .,hate,hate,0.8202385
"Except , of course , for those that pander to the filthy sons and daughters of Satan like ' ol Sandra here .",hate,hate,0.9418032
What did those poor monkeys ever do to you ?,noHate,hate,0.8038661
"Do ` F * ck with our families , buckwheat !!",noHate,noHate,0.12244745
"I always thought it would be cool if somebody covertly set off a nuke in Kashmir , and then we all could sit back and watch as the Paki 's and Indians nuke the scheiss out of each other .",hate,noHate,0.49001327
"If it 's black , send it back .",hate,hate,0.5764572
"May they just need to turn these savages loose , justice will take care of itself .",hate,hate,0.84428537
Just let Shaniqua leave her kids home to burn the house down while she goes to da club .,hate,hate,0.82807124
Then we will see who is afraid to leave thier homes after dark or venture into the wrong ' hood .,hate,hate,0.6069434
I mean they intentionally chose this house knowing there were white people living there .,noHate,noHate,0.24462007
Excellent Article !! * * * * * Why Were n't They In Jail ?,noHate,noHate,0.06272812
They do not want all of us to find out how she was raped and tortured .,noHate,noHate,0.33724305
A public execution for these animals would go a LONG way to point to justice being done ; it would never bring the girl back ; but I guarantee it would send a message ............................,hate,hate,0.7984464
God please bless with wisdom the judge and jury against this group of thugs that they all might be hanged .,hate,noHate,0.117073104
It seems that what they are trying to say is that if you are white you are in the wrong place at the wrong time anywhere in the World .,noHate,hate,0.86295724
"Nevermind, found the new page Knew it had to be a groid .... any report of rape ?",hate,noHate,0.061749633
"Perhaps I should walk back into my H.S. when it starts Monday and get on the P.A. system and say I want to tie all * * * * * * s to the back of my car and drag them across the ground till they die , and then say I 'm joking .",hate,hate,0.5338107
Let mother nature evolve these people naturally because no amount of money or aid is going to drag these ' things ' into the civilized world where they serve absolutely no purpose .,hate,hate,0.9320955
Right.,noHate,noHate,0.080809675
I'm heading down to DC to put a sign on the White House gates that will read : ' No savage negro BEASTS in the White House ! ',hate,hate,0.9123807
http://www.amv3.com/forum/viewtopic.php ? p = 5542#5542,noHate,noHate,0.044455003
Great link .,noHate,noHate,0.033528425
It almost reads like something out of a science fiction novel .,noHate,noHate,0.09980307
"He's a retarded feral negro ( yes , feral humans who cannot talk occasionally pop up , having been abandoned as children. ) .",hate,hate,0.97285855
They do what they always do take something of someone else 's and make it their own .,hate,noHate,0.07728579
No doubt they 'll be coming up with chocolate-colored Leprechauns and a Chinese flavored Uncle Sam 's too .,hate,hate,0.71711594
INTJ Introvert ( 11 % ) iNtuitive ( 38 % ) iNtuitive Thinking ( 38 % ) Judging ( 22 % ) You have slight preference of Introversion over Extraversion ( 11 % ) You have moderate preference of Intuition over Sensing ( 38 % ) You have moderate preference of Thinking over Feeling ( 38 % ) You have slight preference of Judging over Perceiving ( 22 % ),noHate,noHate,0.064351745
Only scored a 120 .,noHate,noHate,0.07156263
"In Eternal Combat with that Satanic Spirit - The physical incarnation , creation of the Demiurge : The Jews .",hate,noHate,0.26215467
This is ARKANSAS they have no right to smell up my place with their chinese restaurant BO ~ ▲ RESTORE ORDER ▲ ~,hate,noHate,0.4976926
"I do n't think anyone is insinuating that we are equal to non whites , or that we would ignore white nations .",noHate,hate,0.9300206
These people have no idea about who they are or where they came from and any knowledge that they do have has guilt attached to it .,noHate,noHate,0.06388047
"It 's a nationalist site as well , maybe give them a try !",noHate,noHate,0.28676653
Invictus Press Home Page,noHate,noHate,0.034430124
Pure .,noHate,noHate,0.29356256
It has everything to do with RACE .,noHate,noHate,0.36051974
I think it is a bit late to think to look after the safety and the future of white people in South africa .,hate,hate,0.6836606
Or make something in the internet against thi injustice some times is hit a global repercussion and can help this .,noHate,noHate,0.04429482
"WE GOT MONEY AROUND HERE TOO Compton Crips Pt.1 - YouTube These negroes are in the middle of the street , seems like something of a zoo , playing with their cheap lowriders .",hate,hate,0.912263
My favorite part : And still he ca n't see the truth right in front of his face .,noHate,hate,0.7965556
"I know exactly what you 're saying , I just hate to see those worthless apes benefit from the great things that whites do .",hate,hate,0.9622023
Seems none of these pinheads wanted to get dirty .,noHate,hate,0.77055824
It 's going viral on Youtube - warning the lesbian ' groid gets aggressive on the whites for whatever reason : YouTube - Video Caught On Tape Lesbian Or Young Man Going Wild On BART Train In Oakland !,hate,hate,0.90224785
More impulsive Negro stripping ...,hate,hate,0.78961354
Most of these videos belong on the Animal Planet tv channel .,hate,noHate,0.39627042
The kind of savagery against females that has become expected from negroids in todays society ...,hate,hate,0.75683177
Seattle bus attack on a blind woman : YouTube - Broadcast Yourself .,noHate,noHate,0.14361838
The islamic disease is even more dangerous than the more obvious black or yellow disease .,hate,hate,0.938971
Maybe they will be resettled deliberately as refugees or maybe they will come for the women like the chinese men are doing .,hate,hate,0.8110399
There are so many race mixing ads on TV that it gets overwhelming .,hate,hate,0.57827365
"When I was last time in South Africa , we went to Sun City and saw little black monkey children swimming , funniest thing was watching drying water off their faces , it looks exactly like baboon or something , way they do it , whites have certain mannerisms with doing things , they have completely ape-like ones .",hate,hate,0.96538335
"The jew media likes to prop this whites becoming the minority non sense up because they want to try and scare whitey , the media plays on the fears that the average retard thinks hispanic or latino is a race and they play word play with titles like white hispanic and white non hispanic it is all a magic show nothing more .. But Whites becoming a minority in Europe the homeland is a much more serious issue that concerns me greatly .",hate,hate,0.9765742
"The future is ours , as long as we do not sit by and wait to be overrun by the subhumans .",hate,hate,0.8549736
"We all know that when their are too many ethnics , the neighbourhood soon turn 's into a slum .",hate,noHate,0.20154585
More black-on-white hate crime videos are posted here : http://ethniccrime.blogspot.com/p/ra...-on-video.html,noHate,noHate,0.040675852
I have a dream - one of these days Black occupation of America will be history !,hate,hate,0.6849363
"There is nothing I would love to see more than the arrest , trial and execution of these murderous and genocidal Zionists !",hate,hate,0.54661345
"Pathological killers , they are .",hate,noHate,0.07156263
Jews have been poisoning wells since Biblical times .,hate,hate,0.87056947
All you need is to cut off it 's head and the rest of the problems will crumble away with ease,hate,hate,0.60928994
She was tortured and mutilated .,noHate,noHate,0.07156263
"God, it is sickening to see these young lives taken by feral negroes .",hate,hate,0.96772105
"God bless them all , to hell with the blacks .",hate,hate,0.9131928
"Whites have the following Too many abortions , too many mixed marriages , too many no kids marriages , and too many liberals .",hate,noHate,0.09810516
- `` Something about black '' and the old favorite `` Once you go black you never go back '',hate,hate,0.83254117
"Their stories have been told before , so instead of showing the pics of the non WHITE garbage that took from them , I am just going to post their pics so they will not be forgotten .",hate,hate,0.7459526
While they are in prison the kikes should get the same food the regular prison population gets ...,hate,noHate,0.42547312
"Only a f' n jew would have the nerve to hide away in a black country , a fugitive from US law , while making campaign promises at the same time as suing the company he defrauded .",hate,hate,0.9614507
"Why do n't White Europeans and Americans grow a set of balls , and deport these Black and brown animals from their countries ?",hate,hate,0.9532255
I 'm angry against myself for just letting this whole world drown into a jewish cesspool .,hate,hate,0.9755235
"somebody``hcf''calledputin``ahero''!lololol!This``hero''finallytransformedformersovietjewnion in ``russian''judea!In this misery-torn country-are there-70 officially billionaries , tens f thousands millionaries , and tens of millions of poor and miserable who look for their pittance at the garbage places !",hate,noHate,0.4476424
"Comparing these pictures to pictures with serbs I do n't see much difference between them and albanians , the same Dinaric and Mediterranean subtypes .",noHate,noHate,0.26217607
nobody said I like him and I dont see the reason to like him to be honest WE HAVE ENOUGH CULTURAL HERITAGE FOR HUNDREDS OF GENERATIONS WE SHOULD BE PROUD OF WHAT WE DID NOT OF WHAT SOME AUSTRIAN DID !!!,noHate,hate,0.59254557
Those poor kikes they cant even escape antisemetism in the country were it is punishable by death ( I am talking about palestinians ),hate,hate,0.8751175
I thought there was talk not too long ago about Putin extending the terms to stay in office ?,noHate,noHate,0.11090235
"They 're probably as high-maintenance as one of those crappy old East German Trabants , though .",hate,noHate,0.19579199
"I could never picture the site of one of the women of the Holy Rus shacking up with some Islamic mud from that fithy , impoverished , and godforsaken mountainous * * * * hole !",hate,hate,0.8129902
Slavic peoples make up some 34 % of European population .,noHate,hate,0.8545303
"2-Year-Old Dies Of Rape , Mammy 's Boonfren ' Charged - NNN Reporters Newsroom Forum Dekalb 2-Year-Old Dead ; Caregiver Charged Police Say Child Was Abused POSTED : 10 : 41 pm EDT October 2 , 2010 UPDATED : 11 : 51 pm EDT October 3 , 2010 Dekalb 2-Year-Old Dead ; Caregiver Charged - DeKalb County Headlines News Story - WGCL Atlanta",noHate,noHate,0.18138176
"Richland County deputies say Cason killed his estranged wife , 38-year-old Letitia Cason , at an apartment on Smallwood Road in Northeast Richland County Deputies : Murder Suspect Shoots at Officers , is Taken Into Custody wltx.com | Columbia , SC News , Weather and Sports |",noHate,noHate,0.15858397
Keep Russia free from dark skinned beings !!!! thank you and please forgive me for mistakes .,hate,hate,0.7221173
They will kill there own just as fast as they would kill there enemy .,hate,hate,0.9459762
14 !,noHate,noHate,0.07156263
"Oh yeah , no mugshot picture on the page of course , you have to watch the video report to find out it was yet another case of TNB .",hate,noHate,0.022898838
"The brutality of his crime and his lack of remorse made Jackson the `` model candidate for death in the gas house , '' one columnist wrote after his death sentence was upheld by the state 's highest court .",noHate,noHate,0.055041477
"YouTube - Teacher Attacked for Being White 9 year old attacks white teacher , explicitly `` because she was white . ''",noHate,noHate,0.014587088
"I caught this on youtube , I 'm sure someone has posted this at some point on here but it deserves reiteration .",noHate,noHate,0.022408163
I do n't know about you but I rather fight a 2m swedish male than a 1.70m asian kung fu expert .,noHate,hate,0.8895966
"Now, young man !",noHate,noHate,0.03668701
2508,noHate,noHate,0.07156263
So you would refuse even other Nordic whites fleeing the brown chaos in the south ?,hate,hate,0.8691576
Interesting article about what to do with these evil persons who keep telling the truth and who don ´ t want to surrender ( in Danish ),hate,hate,0.6954586
"Sardines and anchovies , for example , are basically 100 % safe .",noHate,noHate,0.3507383
That has been proven many times over by the Jew media in the U.S !,noHate,hate,0.84548116
Their lies are so thick and many that people do n't see the truth when it is in front of them !,hate,noHate,0.44502386
"Servents/maids , workers of some type ?",noHate,noHate,0.05729123
Aragorn,noHate,noHate,0.07156263
"I would like to say and I can proudly say that there are no jews in Iceland , those that tried to get here were all sent back to Germany ...",hate,hate,0.9443282
If anyone can tell what happened on this lake ?,noHate,noHate,0.027480355
When the homos tried to have a fag pride parade in Serbia a few years ago they were beaten up .,noHate,hate,0.80256927
Idiotic.,noHate,noHate,0.07156263
"But as for them adopting kids , the answer is NO .",hate,noHate,0.047574043
Ethnic crime never ends it seems .,hate,noHate,0.4020432
"Norway : 3.3 ( 2001 ) , 3.9 ( 2002 ) , 3.5 ( 2003 ) , 1.8 ( 2004 ) . ( assuming population of 4.5 million ) Sweden : 2.6 ( 2001 ) , 3.7 ( 2002 ) , 3.5 ( 2003 ) , 2.6 ( 2004 ) . ( assuming population of 8.9 million ) Iceland is at about 0.2 .",noHate,hate,0.6403343
It's people like this that are the face that represents the filth of Islam .,hate,hate,0.94109476
Providing From Finland does n't kick my ass and throw me overboard ... coming or going .,noHate,hate,0.9233225
Some of them claim that they would like to go back home one day but after a few years in Finland they will no longer have this wish .,noHate,noHate,0.34587377
that prince who married that asian is a freak. imagine his half and half kids growing up and trying to marry into other royal families,hate,hate,0.8772176
Wolf 278,noHate,noHate,0.15060054
"It 's more fun that way , too .",noHate,noHate,0.034792207
"More likely they 're afraid of having to marry and deal with a snotty GI-Jane-dyke , only to be dragged into court and have the kids and house taken a few years later .",noHate,noHate,0.21002407
"Has anybody pointed out that Finland is n't part of Scandinavia yet ? ( Hur gick det i Finnkampen , vet ni det ?",noHate,hate,0.6556711
Its only a matter of time until we become a hell hole like Sweden or the UK .,hate,hate,0.822364
Piece of * * * * deserves to be shot .,hate,noHate,0.036793876
now that ye mention it he does look a bit like this traveller i knew. i wonder if we gave him a wash would he really be a white guy with red hair ?,noHate,noHate,0.27092367
If we do n't act soon they will bread us out .,hate,hate,0.6164475
"And meanwhile , Gerry Gerry Dingleberry is trying to kill off future generations of Irish .",noHate,hate,0.7557052
"On a short holiday , Go back and do something about your own country and stop putting crap on our doorstep !",hate,hate,0.71933436
"Hey, do you think we are going to get into a fight between European countries about who all are going to get those Guantanamo prisoners ?",noHate,hate,0.8658888
I heard from friends in Boston this is true.Blacks will attack an Irish America with a shamrock tattoo.How long before this happens in Ireland ?,hate,noHate,0.046438947
So according to your logic since blacks have been in N.America for hundreds of yrs they should be allowed to stay ? and yes whites should leave africa .,hate,hate,0.8177932
If they have some marches and what not about showing pride in their culture you guys should go out and do the same If you could try and contact people you know in different cities and see if their willing to do the same .,noHate,noHate,0.27072734
how the hell are they going to integrate into Irish society ? They come from a dirt poor medieval country and have spent the last 3 years living in a refugee camp.what skills are they going to bring here ?,hate,hate,0.93138224
An Irish prison is like a luxury hotel where they come and thats even if they get sent to prison and thats if they get do n't flee the country and thats if they get caught doing the crime ... so crime does pay in Ireland .,hate,hate,0.5515238
Israel arrests him i bet Lentin and co are very happy.All students looking in see what scum the Jews are.Details here www.normanfinkelstein.com,hate,hate,0.95185405
"The red scum will never wake up , ignorant lefties fight for `` their class '' when their making a mockery of their culture and heritage . commie scum ..",hate,hate,0.9674007
Hopefully they will get deportation orders and be on the next flight back to Cairo .,hate,noHate,0.42178217
I would love a house .,noHate,noHate,0.047350127
To hell with what this creature thinks anyway .,hate,hate,0.8947323
"The problems start when you start to accommonadate these people in the first place ! , give an inch and they 'll take a mile ......",hate,hate,0.5430824
"Tralee is a disgrace , the place looks like a town in africa nowThe day Ireland becomes a muslim country is the day i stop breathing !",hate,hate,0.9535066
"YouTube - Brussels on 9/11 : For a free Europe , against Islamization",hate,noHate,0.14304046
"Its disgusting they these foreigners come over here , stamp their feet and jump above good Irish families and get what they want .",hate,hate,0.8815925
Even if they do stop pouring in most of those that are here have no intention of going back to poland .,hate,hate,0.7993902
"During the early punk scene , he was always seen decked out in a Union flag blazer , then all a sudden , an instant nationality transplant .",noHate,noHate,0.0786879
"When I look at the Zimbawee 's Mugabe , I think `` Ape '' or `` Gorilla '' .",hate,hate,0.92388725
Back to where ya came from !,hate,noHate,0.19437315
You got that right in one go.Lets hope he gets well soon and on his way home If you do n't have these apes in your great Country then count your blessings,hate,hate,0.94659907
"After knocking back a few guinness we got pretty hungry and he said he knew a great place to go get some food , i was disgusted when he brought me to a chinese restaurant .",noHate,hate,0.9068975
"the white race will soon be on the brink of being a minority in a few years if nothing is done to stop these vile hordes invading our lands , I for one do not want to live in a city like Bradford or Birmingham where we are outnumbered 2 to 1 or worse",hate,hate,0.9595131
Its a disgrace my sister has been on the waiting list for 6 years and their giving away houses to these scumbags,hate,hate,0.7795923
I heard about it is it about that white guy that killed that race traitor slut and her nig nog boyfriend ?,hate,hate,0.89539886
These people who want foreign aid increased are the same people who walk past irish people living rough on the streets and they do n't care about the old people who the government ignores .,noHate,noHate,0.17862977
It just goes to show that the IRA are just criminals and not freedom fighters as they claim .,hate,noHate,0.15375607
"Latha math dhuibh agus dè tha dol agad fhèin , a Phàdruig/Hello Pat , how are you ?",noHate,noHate,0.07156263
"So sick of the way its working , I remember when I was growing up in Winnipeg the little shops were all white runned and owned and would hire people from the community and it was great it helped people and kept streets safe even though me and others would cause some bull * * * * it wasnt anything to how it is now .",hate,noHate,0.35884643
Now i just dont know what to do or think anymore .,noHate,noHate,0.22166508
18 times in the last 20 years It 's time for the next generation to fight back to regain our country ..... the baby boomers will lose it for us if we do nothing .,hate,hate,0.58315647
"nice to see another maritimer , the south shore is a beautiful place , i ride down that way a lot on my harley , i live in the annapolis valley .",noHate,hate,0.5771134
"There's no way to stop them from coming to Canada all that is needed is proof of ownership of a house in India , africa etc and they can enter in on a tourist visa .",hate,hate,0.90900695
"Should the guy who sang cop killer also have a trial , because he tragted a minority , cops .",noHate,noHate,0.12278329
It was probably written by a 15 year old .,noHate,noHate,0.02414057
I noticed a lot of fat little white girls with monkey boyfriends .,hate,hate,0.9098052
You can stop this by getting a dead pig and bury it underground where the mosque will be built .,hate,hate,0.96024835
I' v checked them out but could n't find much but apparently they have presence in Britain .,noHate,hate,0.8816589
Seeing the teams of white nations have black players in their ranks is a depressing site to see.They should be representing the best of our nations not the worst,hate,hate,0.8459181
Did they put that Groid 15 next to Rooney just to make Rooney look at least half-human ?,hate,noHate,0.1351363
"What I do know is that I live on a small Island and it seems that a lot of people from various countries in the world are willing to desert their homelands and their families just to come here , in my mind that tells me a lot about said people and their home countries , most of all it highlights their weaknesses of how their own countries have let them down and how they feel the need to feed off somebody elses country , how should we English interpret this without sounding rude ??? , locust ??? , parasite ??? , you tell me .",hate,hate,0.8180388
"I just need to turn on a tv and I see it advertised everywhere , mostly African apes with attractive white woman .",hate,hate,0.95305765
"I do get my Theirs , theres and they 're , mixed up sometimes but i was educated under Labours rule so i cant be completly to blame .",noHate,hate,0.85760283
The Official Website of the British People 's Party A few unpleasant truths re. the zionist ass lickers of the DUP,hate,noHate,0.41678146
The problem is that through western elites we have to feed and look after useless savages like malema .,hate,hate,0.95008236
If that stopped the worthless thing would starve !,hate,hate,0.9135195
i used to post on here a few years back as kruger but for some reason i cant register with that name so here goes with the new one 88 to all i know and to those i will meet,noHate,noHate,0.038699687
Its time for the return of Mosley 's blackshirts .,noHate,noHate,0.052391626
I have to say I was shocked when he said the kids at his ( Junior ) school spoke 31 different languages and teachers have had to devise a system of hand signals to communicate !,noHate,noHate,0.022216704
Our country is being over run and people let it happen just because the political issue here seens to take over the racial one .,noHate,hate,0.8702906
"i do this and the looks i get out of disgust are regular but i happily carry on walking and laugh them off , they think showing me a few pictures of negro kids on a poster without a burger is going to make me want to give money to them ?",noHate,hate,0.9196152
Hello Everyone on Stormfront Have heard a lot of good things about this forum so I have decided to take the plunge .,noHate,noHate,0.03130416
"Lions , Tigers , Cheetahs , etc are all cats but they ai n't the same .",noHate,hate,0.8545687
"The chairman of the FA is one David Bernstein and , yes , he is a member of a certain tribe that delight in bringing diversity and the benefits of multi-culturalism and ' anti-racism ' , along with boatloads of third-worlders to Britain .",hate,noHate,0.43415153
"I'm in Australia and I want it to be done and over with , my mum is constantly going on about the Olympics like it 's a big deal .",noHate,noHate,0.048922572
"Yes, have you seen the Pancrase tornouments in Japan ?",noHate,noHate,0.07391721
We do not want `` assimilation '' .,hate,noHate,0.04272606
Dare to speak out in a country with supposed free speech and you 're labelled a bigot !,noHate,hate,0.82887083
You Anglo-Americans are all welcome to England if you can perform the ' small ' task of riding London of it 's ethnics !,hate,noHate,0.026319403
Thank you brother .,noHate,noHate,0.04697267
I was sure that they were lying about the numbers and it 's must be the same in every country IMO .,noHate,noHate,0.1521214
"Of course the county is lovely , in facts its gods country in our book BUT the cities are rat infested with enrichers , just how the country is isnt it .",noHate,hate,0.9352358
"I 'll post as much as I can , but I 'm more of a BNP supporter than an expert .",noHate,noHate,0.02371135
Here's an example of red violence against patriotic St George 's Day marchers and a red site encouraging even more of it the next year . Stop the March for England 2013 ( from Rough Music ) | Brighton Anti-fascists,noHate,noHate,0.24727784
"Thanks to the imported filth that , like our land under its current occupation .",hate,hate,0.9051276
I was trying to find out if the Egyptians were white or not and my search brought me to a thread on this site .,noHate,noHate,0.18462251
Its got to be a quote from someone .,noHate,noHate,0.027790451
There have been times when I have walked past some nigerian or skinny and they will cough with hand at their side without care for those around them .,hate,hate,0.6208385
"Its about time we as a nation take matters into our own hands , over throw the government stop the white genocide deport all immigrants and establish a government to help indigenous white Britons rebuild this country .",hate,hate,0.9415576
Any bother u go on lock down no one gets out the cells so its not that bad prison is 24 hour boredom ..,noHate,noHate,0.21201068
"I've tried to meet for coffee with a few people but everybody is really spread out , it 's tough to find the time to go out and meet like minded people .",noHate,noHate,0.09661517
If you come down n ' around Sacramento California area send me a message .,noHate,noHate,0.11773501
Hi i need some information to understand the meaning of the negrogreek homo and the race-mixer tag of the HELLENIC THREAD .,noHate,noHate,0.08120612
"Well Marco is a German patriot and musician who , in the sick minds of ZOG , committed the heinious crime of producing music for a local school .",hate,noHate,0.3329174
Hi everyone .... I 'm from Slovenia and I utterly hate every living muslim in this world ....... and I despise even the dead ones,hate,hate,0.8603595
If you are not registered I think that maybe you will not be able to see this .,noHate,noHate,0.49142367
Lets keep it that way and not destroy it Check out this ice cave in Dobšiná Its frigging cold in there,noHate,noHate,0.41874498
"If I was Ukrainian , I 'd sign a pact with devil himself to get rid of jewdo-islam Putinistan AKA Russian Federation ....",hate,hate,0.69918346
"Too many libtards , I would n't waste my time there .",hate,hate,0.885172
Blacks in South Africa wondering why their country is going to hell when they put Blacks in charge .,hate,hate,0.9585095
Please stop this nonsense all of you !,noHate,noHate,0.07516192
"They are beating each other to death everywhere , just look what they do to each other in Africa .",hate,hate,0.82438016
"Hey, I 'm looking to meet new people maybe find myself a nice white boy .",noHate,noHate,0.07607241
saysay.jpg say say with a candle 2.jpg This is my nearly 3 year old cat called Say-Say .,noHate,noHate,0.4940932
I got sloppy seconds after some Muslims used this girl .,hate,hate,0.8015571
The ability to run really quietly and lots of chloroform .,noHate,noHate,0.122440346
haha; im a 19 y.o white male from newcastle area - but im moving back to sydney very soon ( west sydney im afraid lol ),noHate,noHate,0.032259725
To me and the rest of my commrades on this wonderfull White Day !!! I hope you have loads of fun and be safe !!!!,noHate,hate,0.5961347
The only Mexican in town has since moved out and kids can now leave their bicycles in the yard without fear .,hate,hate,0.84322387
If her eyes linger ................................... she 's yours .,noHate,noHate,0.035944935
It is always nice to meet another person with roots in Kansas .,noHate,noHate,0.018305434
"I want to have 3 children ! 2 girls and 1 boy but the hardest part now is i got to try and find someone to make them with , but so far no luck",noHate,noHate,0.074332625
Only the crazy ones stay .,noHate,noHate,0.2296287
A 750 lb boat with a 280 hp motor .,noHate,noHate,0.10887408
My buddy 's boat is anchored beside it .,noHate,noHate,0.09081609
"Of course , they are more virile than us , so that would n't happen would it ?!!!",hate,hate,0.77724445
I have a dominant personality and I look for the same thing in girls .,noHate,noHate,0.041737936
I can get a ride to see you some time this summer if that is cool i need to get up with someone in NJ as it is his name is HAL i have talk to him but i want to meet him so when i go to see him I can stop to see you if that is ok,noHate,noHate,0.06067396
hey whats up i 'm new on here and i would like to have someone to talk to so hit me back for whatever,noHate,noHate,0.17667109
Maybe spread some HATE and intolerance ?,hate,hate,0.85810804
Everyone on my MSN gets all manner of pics ( ) but I 've never put any up here so here goes Some pics from about a year ago and a small anigif from a week ago heh Robin,noHate,noHate,0.043548573
"hi read your post and my name is james from australia , and would like to well write to such a pleasent person as yourself have a nice day !",noHate,noHate,0.011383352
I used to enter horse competitions until I was thrown off one and broke my leg .,noHate,hate,0.70257926
There have been more people coming on this board that live in the central Wisconsin area since I have started coming on here .,noHate,noHate,0.060908884
They 're music is one of the reasons I decided to become a white nationalist in the first place .,noHate,noHate,0.061141856
I 'll be at that show AND I 'm a brunette .,noHate,noHate,0.041064695
Someone Please Tell me what can be done or which people to tell that the Mexicans and or other hispanics here are undercutting price quotes on Good working People .,hate,noHate,0.42337674
"DuetschGirlTX, No I live in a tiny ass town where i am only one of 100 white folks ( maybe less ) . near San Antonio. there are so many dirts around and they all stick together. so when it comes to a White Girl in this town i gotta have my own back ALWAYS Is that where you are ?",hate,hate,0.76503307
"Hi, I am 26yo from Glendale AZ .",noHate,noHate,0.015499384
The work involves : selling sporting goods and assisting customers with questions or problems .,noHate,noHate,0.024050586
I do n't go line dancing but I listen to country and want to live on a ranch or farm,noHate,hate,0.58776385
KC skin boy looking for KC skin girl .,noHate,noHate,0.038189676
what about it. that 's exactly what I said and I meant every word he thought I might and that was enough and with you two talking behind my back like some jew what do you expect me to say have a nice life .,hate,hate,0.8828884
I do n't think so .,noHate,noHate,0.20021382
"I lived in texas when i was younger , i know how tough some things can get . `` rasslin animals '' is half the fun",noHate,hate,0.64598876
Just Google it and you 'll see what I mean .,noHate,noHate,0.07046982
I have decided to take this debate to pm .,noHate,noHate,0.05264558
"Living in a boarder state , Texas , the problems of illegal aliens is , naturally , a stark reality , and let me add that the only solution that I see is the implimentation of U.S. Troops as guards on the Mexican boarder .",hate,noHate,0.3779946
"Although many have asked us to put it aside in politics , this thread is for all those who see where HATE FITS IN and why WE NEED THE HATE WAVE TO CONTINUE .",hate,hate,0.8001706
Hi i have not been on here in ages .,noHate,noHate,0.015499384
"No I do n't support Nordic Superiority , but I have no problem with Nordic people who want a pure Nordic race to exist .",noHate,hate,0.828881
"if they have the same help here in Quebec , i would like too say congratulation pitbull-A.G. and i hope you have lot of new white resident in your city",noHate,noHate,0.15369377
Why would they let blacks live ?,hate,hate,0.77110714
"88 all , this is my first post and i 've read this whole thread so i guess I have a few comment 's , let 's start , shall we ?",noHate,noHate,0.030836955
Black and Asian immigrants who are coming in and those who were borne here and their breading patterns are the threat to our gene pool and not other white Europeans such as polish people .,hate,hate,0.9399502
This is my next read .,noHate,noHate,0.036432993
"Sadly, I think the government would step in if we tried to stop the lesser races from moving into our land .",hate,hate,0.7760612
This is my next read .,noHate,noHate,0.036432993
Absolutely.,noHate,noHate,0.12683639
Was n't Bill Clinton the first `` black '' president ?,noHate,hate,0.8042491
TY!,noHate,noHate,0.07156263
BTW .. update coming soon with info on my drive back to Florida .,noHate,noHate,0.08268528
"When the non-whites come we should stand together and send em packing , like they do to us .",hate,hate,0.6957009
"I got stuck next to a really huge black woman who stunk to high heaven , and spent the entire ride with my face as close to the window as I could get .",noHate,hate,0.93628544
Teach our men to be men again and defend our countries and women folk against the non white .,hate,noHate,0.1128397
"Most white girls are taught and brainwashed to love black guys , only way is to properly educate them and show them what savages they truly are .",hate,hate,0.90124935
White town saved by the magic negroes of Afreakkaland .,hate,hate,0.8893725
Actually Monkeys and Apes are more noble creatures and rarely act violent it really is unfare to the Monkeys and Apes to be compared with subhuman Negroids who are by contrast very murderous .,hate,hate,0.98003006
Hopefully they will leave YT alone and just deal with the Nigerians when they start chimping out in the streets .,hate,noHate,0.17511968
"I just refer to them as primates as through THEIR evolution process they are just a little bit higher on the evolutionary chain which makes them all the more dangerous to whites , than any of their animalistic cousins .",hate,hate,0.9338156
Amen brother ..... you did say it like you been there ... they talk crap and if you show fear they 'll be on ya fast .,noHate,hate,0.80068374
But get the eyes wide open and lets rock attitude ... most will back off and go away ..... been there with ya !,noHate,noHate,0.37336922
I'm not sure what sort of information you 're seeking but I recently found a number of Blacks who have been convicted for knowingly transmitting HIV/AIDS : Kouassi Adaye http://news.bbc.co.uk/2/hi/uk_news/e...de/3389735.stmJohnsonAzigahttp://en.wikipedia.org/wiki/Johnson_AzigaStanislasKanengele-Yondohttp://en.wikipedia.org/wiki/Stanislas_Kanengele-YondjoTrevisSmithhttp://en.wikipedia.org/wiki/Trevis_SmithAdrienSylverNduwayohttp://www.thenownews.com/issues06/0...031206nn2.htmlWillieAtkinshttp://www.dallasnews.com/sharedcont....32a4d9fd.htmlNushawnWilliamshttp://en.wikipedia.org/wiki/Nushawn_WilliamsSimonMolhttp://en.wikipedia.org/wiki/Simon_MolEversonBandahttp://www.dailymail.co.uk/pages/liv...=5&expand=truePeterMwaihttp://www.crime.co.nz/c-files.asp?ID=36WilliamKaranjahttp://www.amren.com/mtnews/archives...n_rapist_j.phpLinkoyMuhurihttp://news.bbc.co.uk/2/hi/uk_news/e...on/3256352.stmMohammedDicahttp://news.bbc.co.uk/2/hi/uk_news/e...on/3190626.stmFestonKonzanihttp://news.bbc.co.uk/2/hi/uk_news/e...es/4267433.stmGabrielVengesaihttp://www.dailymail.co.uk/pages/liv ... n _ page _ id = 1770,hate,noHate,0.07572828
"You do not have to wait for this law to pass since already you would be expelled from your school for doing the above under some sort of hostile school environment clause , as you would at most places of work .",noHate,hate,0.5982462
http://www.abc25.com/Global/story.asp ? S = 5352185 Non whites commit far more crimes against whites each year but its never considered a hate crime and alot of them never spend any time in jail !,hate,hate,0.78671116
And some people say that the Klan is n't doing anything today to make a difference .,noHate,hate,0.69730693
Maybe God was punishing them for their interracial marriage .,hate,hate,0.8174754
The Jewish race is without any doubt the greatest threat to the survival of the White race .,hate,hate,0.9665063
I've followed Mr. Kievsky 's adventures through VNN for the last couple years .,noHate,noHate,0.05317212
I just wanted to say hello to The Jew is Evil .,hate,hate,0.8805703
"The kikes probably put the Leftist up to it , to make it seem like they do n't have total control of everyone .",hate,hate,0.9334885
"These feral negroes stalk white women , rape and kill and , no one seems willing to stop them .",hate,hate,0.9698243
"This is where their `` I 'm a bad ass , I can do whatever I want '' attitute comes from .",noHate,hate,0.73087996
"Indeed, now they just need to feed themselves , educate themselves , police themselves ad nauseum ......",hate,noHate,0.062941775
Both Asians and whites are composed and calm and blacks seem to have no self control .,hate,hate,0.93357337
"About the Chinese , those who remain in their own country are good , those who become illegal immigrants in white nations are bad .",hate,hate,0.95226735
Why not just kick out all those Africans ?,hate,hate,0.69873834
Those in the countries you mentioned are the mongrel offspring between whites ( Aryans ) and Arabs and its funny how those of the East who claim to be the Aryans talk about white people who came and mixed with them and the only Aryans apparently in the East are those with light skin and blue eyes .,hate,hate,0.9737042
"Exactly, they want us to lay down and die .",hate,noHate,0.23510045
"By their words and deeds , they declare themselves to be staunchly in favor of the genocide of our people .",hate,hate,0.7321039
Then we can all live in a global utopia with the Jew running the show - cant wait Nothing short of a brain transplant is going to raise a Negroes IQ .,hate,hate,0.9646061
A pile of burned offerings .,noHate,hate,0.6811497
"oddly i would find it worst if she here black , since Negroes are the most inferior and scum bag humanoid race in our planet .",hate,hate,0.9759945
"Good luck with your bugchasing , homo . . .",hate,hate,0.89823097
Laugh it up ape cause without yt to protect your race Asians will probably do the world a favour and wipe your kind from the face of the Earth .,hate,hate,0.9625253
"Gay marriage has no place in any society , regardless of your race and culture.It destroys , morals , values , and the future of your offspring that will keep your race and culture alive.Regardless of your race and culture , homosexuality and gay marriage is the genocide of mankind .",hate,hate,0.96243036
"In all likelyhood , it 's jews painting the road of skank for her to follow .",hate,hate,0.7784338
"But millions can believe a lie for centuries upon centuries , especially when you make investigating the story a crime .",noHate,noHate,0.4144238
"That type of negroes call your kind of brothas , Uncle Tom .",noHate,hate,0.8684383
We knew that these structures were built by sub-saharan blacks in the same way we knew that the civilization Greek and Romanian built by white Europeans .,noHate,hate,0.922401
The only good thing about Indians is their married women are so loose that prostitution fails in Indian areas .,hate,hate,0.5910632
Stop showing off South Asian functional illiteracy .,hate,hate,0.8403042
"Miami,( I do n't know how Don can stand living down there ) Hispanic - 279,456 ( 70.0 % ) Black alone - 64,993 ( 16.3 % ) White alone - 47,622 ( 11.9 % ) Asian alone - 3,649 ( 0.9 % ) Two or more races - 2,642 ( 0.7 % ) Other race alone - 676 ( 0.2 % ) American Indian alone - 361 ( 0.09 % ) Native Hawaiian and Other Pacific Islander alone - 58 ( 0.01 % ) Read more : Miami , Florida ( FL ) profile : population , maps , real estate , averages , homes , statistics , relocation , travel , jobs , hospitals , schools , crime , moving , houses , news , sex offenders",hate,hate,0.9294735
The majority of them are as stupid as real Negroes .,hate,hate,0.930752
"I do not think anyone looks up to white Negroes , just the black ones and then they become wiggers .",hate,hate,0.93228
We just do n't like what we see .,noHate,noHate,0.21247213
I tried to sign up there once & they refused to activate my account .,noHate,noHate,0.03957359
Negroids could n't put together a bake sale properly much less a work force .,hate,noHate,0.2150927
The Black race is yet to invent any kind of civilization .,hate,hate,0.9273016
What does any of that have to do with racial preservation and the resistance to the deliberate and calculated extermination of the White race and the destruction of western civilization which 99 % of the members of this site are concerned with ?,noHate,hate,0.94550294
They almost always choose to identify with blacks more than whites .,noHate,hate,0.83687216
"The White race is best because when the Creator made Whites , He made them better than He made the other races .",hate,hate,0.805223
"Africans are tall , thin and lanky and pretty ugly beasts . ... and I 'm just being kind .",hate,hate,0.94772
To me it means that Jewish supremacists will never again allow Whites to have a say .,hate,hate,0.9345762
The above poster is correct when we stop supporting then they 're in terrible danger .,noHate,hate,0.80988705
In the eyes of the Jew and the libtard there is a race problem and the problem is us !,hate,hate,0.9344638
I cannot imagine how revolting it must be - the PC dialogue at your university -- idolizing athletes who dont belong in college -- white women getting pregnant with freaks,noHate,noHate,0.04590428
"Thank you for posting this ! this disgusting lie will hopefully one day be addressed and corrected , at that point I would hope the world will see the Jews for what they really are .",hate,hate,0.944709
"As a nation , we are in desperate need for an immigration time out and a zero tolerance policy for those here illegally .",hate,noHate,0.16216895
"I am not going to be beat down by a dyke , fag , or coon .",hate,hate,0.80296606
I can give you her Skype and she will answer all your questions .,noHate,noHate,0.05196856
Nearly everything if not all acts that the liberals carry out damage this nation and our people .,hate,hate,0.807556
Ya got a virgin shooter .,noHate,noHate,0.08405095
"Ten to one they have a great father , too .",noHate,noHate,0.09187038
It 's where I discovered so many great people who are fighting for our cause .,noHate,noHate,0.054094627
I 've taught her to question everything that they teach her .,noHate,noHate,0.12664756
"Here are the CDs I want to sell : Beethoven : Symphonies Nos. 5 & 7 - Kleiber Beethoven : Symphony No. 9 - Furtwangler Bruckner : Symphony No. 9 - Furtwangler Handel : Music for the Royal Fireworks ; Water Music - Marriner Howard Hanson : Orchestral Works - Schermerhorn J.S. Bach : Great Organ Works - Hurford Norwegian Classical Favorites - Engeset The Best of Baroque Music - Edlinger Twilight of the Gods : The Essential Wagner Collection - Dorati , Karajan , Sinopoli , Bohm , Gerdes , Kubelik Most of these were recommended by fellow Stormfronters .",noHate,noHate,0.029399922
Thanks for coming,noHate,noHate,0.056587376
"The people running SA into the ground , want to wipe them all out .",noHate,hate,0.7598975
"Sometimes I wonder if it is Because Whites are so much smarter that they find it harder to run together , as opposed to , independently .",hate,hate,0.6655148
"Check out this youtube channel i found , i agree with most of what he says Diversity DESTROYS Social Cohesion in the West - YouTube",hate,noHate,0.05244463
"Saul Kassin : `` False confessions '' https : //www.youtube.com/watch ? v = JDRRwFfJKkw The Vera Institute of Justice 's Neil A. Weiner Research Department Speaker Series presents Saul Kassin , Distinguished Professor of Psychology at John Jay College of Criminal Justice .",noHate,noHate,0.06876928
It 's just the way they are .,hate,noHate,0.07988549
You need to ask this when the Obama Administration instructed the IRS to target conservatives ?,noHate,noHate,0.14736262
I 'm hoping things will continue to grow with our smaller meets and will make for a good turn out at our events this year !,noHate,noHate,0.14780633
I considered it being `` ethnically cleansed '' from my childhood home,hate,hate,0.66550183
Neither of the Diaz brothers are very bright but they generally come to fight .,noHate,noHate,0.043491725
I live in a suburban area with an old spring fed lake that always has water in it .,noHate,noHate,0.39430478
Nothing happened except I got an 88 % on the paper .,noHate,noHate,0.18859902
"Well, at least these dumb negroes got the fact that Jews are evil right ; though I suspect whitey and the jews are one in the same to their primitive minds ...",hate,hate,0.97967666
"I am sure California is full of sick self hating whites , who think that for the good of all the black brown and yellow peoples of the world , whites need to commit racial suicide and disappear from their face of the earth for their sake and wo n't that be just dandy !",hate,hate,0.9670192
"I do n't blame you , all the yucky nonwhite DNA pawing your food as they pass it over the UPC scanner , disgusting .",hate,hate,0.95013916
All of our tim hortons are staffed by those nast filipinos and every single town is full of Indians and asians .,hate,hate,0.83861655
"And theres a good chance these children will end up race mixing back into the white gene pool , mongrelizing our race .",hate,hate,0.94089675
"Then again , in this modern age of white youth emulating negroes and white adults groveling at the feet of the juden , perhaps it 's an appropriate word after all .",hate,hate,0.6552517
"We need to deport all nonwhites immediately , that or stop letting more in and sterilize the ones here , that will fix the problem .",hate,hate,0.9100065
If Canada was small the nonwhites would be everywhere but so many whites live rurally or in small towns so they do n't see the racial disaster unfolding on Canada .,hate,hate,0.8895224
I've got two knife blocks on the counter .,noHate,noHate,0.071246125
"At the resturant , the Pres. of Hamms orders a Hamms , the Pres. of Schlitz orders a Schlitz , the Pres. of Budweiser orders a Bud , and the Pres. of Guiness orders a cup of tea .",noHate,noHate,0.038554735
The school did not cause my much trouble because it was elementary school .,noHate,noHate,0.021150224
We say here that if we want to be lied to just watch the news !,noHate,noHate,0.029838778
I went outside and the niglet 's mom told me my daughter had hit her first .,hate,noHate,0.3832145
The Neolithic farmers who migrated into Europe originated in Anatolia .,noHate,hate,0.7749019
Explain how liberals are liars and anti-White and tell her about crime statistics .,hate,noHate,0.2097251
Maybe you 'll find it useful .,noHate,noHate,0.08696521
"Chicago Teachers Union president explains how to inject politics into math - YouTube Chicago Teachers Union president Karen Lewis explains how to politicize school math for organizing - EAGnews.org powered by Education Action Group Foundation , Inc.",noHate,noHate,0.010675606
Maybe you should look there or just move here to miss. Or more specifically Tupelo .,noHate,noHate,0.15673283
"All we have is blacks and a few mestizos and all are pretty well behaved , we keep them that way around here",hate,hate,0.87274235
My father was born in Germany My mother 's parent 's moved from Ireland .,noHate,hate,0.71650213
Lying Marxists !,hate,noHate,0.086482435
Lay her off and cart her back to India where she can poop in the Ganges river next to her dead grand parents .,hate,hate,0.92033434
It offers certificates of completion for many courses .,noHate,noHate,0.011577482
Perhaps people will take you more seriously if you do n't make as many grammar errors and using repulsive language .,noHate,hate,0.8773083
The only thing that they care about is welfare and mooching of all the rest of us .,hate,noHate,0.43140987
I really do hate rap music .,noHate,noHate,0.18768477
More than that I cringe every time I go to hang out with my friends and they blast this filth in their cars and homes .,noHate,hate,0.89864916
"And hey , we have not talked about women 's mitochondriat at all ?",noHate,noHate,0.027800275
When they sent n iggers to space the space ships started blowing up .,hate,noHate,0.06964274
Everything is machined to well today mlst stuff is plug and play .,noHate,noHate,0.34494582
"Find other gardeners , wild plant enthusiasts , and fellow believers in your area who you can band with .",noHate,hate,0.78448546
"We are cooking a duck on the rotisserie , catch the fat drippings and cook little potatoes in that , its delicious , we 're also cooking a small turkey , mashed potatoes , carrots , pumpkin pie and butternut squash cut in half and baked with butter and brown sugar .",noHate,noHate,0.17709722
Listening now .,noHate,noHate,0.018681422
"Seriously Guys , It 's An Indian Symbol For Good Fortune - People Of Walmart : People Of Walmart",noHate,noHate,0.08345031
No need to allow FACTS to get in the way of a good White guilt message ! ... and the jew laughs loudly !,hate,hate,0.73604566
"Or just stay the hell away from cheap , crap ar15s when you can get a damn reliable plinker for $ 700 brand new ......",noHate,hate,0.95324934
I'm glad you pointed this out that anti-Bullying campaign has been used to promote homosexuals who are more likely to bully anyone who disagrees with them .,hate,hate,0.53944147
What makes it suck are the Jews that run it and the Blacks that play in it .,hate,hate,0.96014047
"I enjoyed playing the game when I was a kid , but I never enjoyed watching it on TV .",noHate,noHate,0.044127326
Please let me know if there is anything I can do .,noHate,noHate,0.03879614
"An even smaller pellet is probably ideal , #4 Buck , perhaps .",noHate,noHate,0.12376152
I was just debating with myself whether I should go to bed or have one last beer ...,noHate,noHate,0.057444233
"Notice the video title , whenever there is a fight between a white and non white , the white is always the racist",noHate,hate,0.8024211
I see pro and cons of both .,noHate,noHate,0.12948205
"Next time you see someone with their pants falling down , just help them !",noHate,noHate,0.1433798
White speech is Hate ....,noHate,noHate,0.4713137
I have one word for you ....... MOVE . We chose this area because we wanted our children to go to all white schools .,noHate,noHate,0.24145944
Like I said before I 'd bet 90 % + have Liberal parents .,hate,hate,0.7551855
"Border fence , what border fence ?",noHate,noHate,0.018915037
I've been following the events in Ukraine and have noticed some troops using the SKS .,noHate,noHate,0.043417457
He got what he deserved .,hate,noHate,0.06500533
"Back when I was a kid , even the black folks called them that .... `` Ooohhh I' z cai n't wait until Crimusz , I' z gonna get me sum of dem niggah-toes and oranguz fo ' Crimusz , an ' sum peppahmintz ; dey shoa iz gud ! ''",hate,hate,0.78796786
some times Whites are forced to live around a lot of blacks .,hate,hate,0.85237646
I live in AR .,noHate,noHate,0.10087179
I going to get homeschooled tired of looney lefty teachers and the negroes,hate,hate,0.74227864
"I 've seen shots with a .45 , where people walked around angry .",noHate,noHate,0.09752449
I've often pointed out that negroes are more stupid than I can even imagine if they actually think they 're gonna win any race war .,hate,hate,0.9468927
"This guy seems to get it but otherwise : Sorry jigs , you 're on your own",hate,noHate,0.11679382
"I'm more of a grappler than a striker , I would lunge out with a windpipe grab and bring them down to the floor .... my record for KO' ing someone with a choke is currently 3 secs",noHate,noHate,0.21423747
"Instead it is the athletic negro Holyfield 11 kids , Mike Tyson 7 kids , Riddick Bowe 5 kids , George Foreman 10 kids who procreate like apes and spread these athlete genes along .",hate,hate,0.8453228
"Those boys will use the plastic whisks as swords , and the girls ' lego creations will consist of dollhouses for the few white dolls , with the dark ones in the adjoining farm pen .",hate,noHate,0.035911407
The idea that homeschooled kids do n't get socialized is ludicrous .,noHate,noHate,0.07341468
2 .,noHate,noHate,0.059673242
When I watch things like this I pray God will have vengeance on these sub humans even if they have asked for forgiveness .,hate,hate,0.8168636
"Deanna Spingola and Dr. Lorraine Day - Zionism , the Holocaust , Aids and Vaccines YouTube - Deanna Spingola and Dr. Lorraine Day - Zionism , the Holocaust , Aids and Vaccines Listen/watch the full interview @ Deanna Spingola and Dr. Lorraine Day - Zionism , the Holocaust , Aids and Vaccines : Free Download & Streaming : Internet Archive www.DrDay.com www.GoodNewsAboutGod.com",hate,hate,0.63791996
Little kids all decked out in their costumes .,noHate,noHate,0.049139697
It 's a pretty powerful documentary that blew me away .,noHate,noHate,0.07765202
But it does have a feminine sound .,noHate,noHate,0.035330314
"Hi Im tv free do n't have kids yet reading mending , sewing , menting board games radio study extra curricula actives Good on you for planning a FREE jewv existence",hate,noHate,0.03962454
These ' niggas ' .,hate,noHate,0.37305468
"There are only eight people living within a mile of my house , and none closer than a quarter-mile .",noHate,noHate,0.45699146
It's weird most Indians dot and to an extent feather that I deal with hate blacks more than they do whites and find blacks to be lazy and worthless .,hate,hate,0.96484935
"Dude stink bomb this event , when it gets dark , chuck a bunch of them on the floor , different spots , when the chimps start jiving and grooving , they will step on them .",hate,hate,0.8388609
"Oh, I forgot to say where I lived .",noHate,noHate,0.14914866
"They laugh at whites who obey the law , bother to get married , women who are chaste .",hate,noHate,0.1041411
That 's to assume the gay ones are n't abusive .,hate,hate,0.8998345
"the kind of perversion that leads to homosexuality also leads to pedophilia. why take the risk , and even if the homosexuals turned out not to be pedophiles why would anyone want a child to live with two perverts .",hate,hate,0.90270275
Hell to have a teacher like this .,hate,noHate,0.09314627
"This is the argument homosexuals use to justify their behavior , that because there are no `` red letters '' about it , then homosexuality is not a bad thing .",hate,hate,0.92181665
No .,noHate,noHate,0.07156263
The students should be able to express themselves .,noHate,noHate,0.020836173
Americans and Irish understand each other better than Spaniards and the beaners .. the US and Ireland are the 1st world so they are educated unlike the beaners .,hate,hate,0.8303626
They have properly learnt their Zionist lesson ...,noHate,noHate,0.16908778
I remember when I was at my college during the Holidays ... every single holiday would be mentioned loud and clear except for Christmas ... especially kwanzaa .,noHate,noHate,0.011130659
great posts. see how the media has been lying to us for decades about what actually happened and what it was actually all about .,noHate,noHate,0.35675102
Has anyone claiming this method been able to make even one block like that with wedges water and copper tools ?,noHate,noHate,0.12418199
They will eventually kill off the whites and go back to the jungle ways .,hate,hate,0.9391438
Wasn't there something like a big bang in which a burrito exploded and all the beans flew everywhere and started reproducing exponentially ?,hate,noHate,0.1665939
Apparently young kids pick languages up very quickly .,noHate,noHate,0.0783772
you just say blacks hate the cold. the only reason they are good athletes is because when you have to run lions and tigers you get fast or eaten .,hate,hate,0.93323606
"why did god give negroes good rhythm ?? because he messed up their lips , hair , nose and skin so yes they are ugly !!!!!!!!!!!!!!",hate,hate,0.9673267
"I believe Abraham 's faith was tested by God when he asked him to sacrifice Isaac , the quran falsely claims it was Ishmael .",noHate,noHate,0.42004457
I take it you are a little person then .,noHate,noHate,0.15193781
"Like the parasites they are they simply moved to a new host , to continue their destruction of Western White civilization and culture",hate,hate,0.96807367
"I'm too lazy to reread , did he say ' Teacher `` or '' Teacher 's asst . "" ?",noHate,noHate,0.049210668
I 'm sure I would have done great in public school if the Mexican gang members stopped kicking my * * * long enough for me to get my homework done ...,hate,noHate,0.058743317
"God 's own divine intervention , aided by Jewish money swindled from the goyim .",hate,hate,0.94276786
Had a run in with a JAP tonight .,noHate,noHate,0.15375707
I seriously hope she dies in a fire one day .,hate,noHate,0.1446921
Just watch them at North America and they like all black sport players and their `` slang '' .,hate,hate,0.6584901
"And all those holes below 40,000 feet are filled with oil instead of water .",noHate,hate,0.58219206
"Agreed! rep will have to wait though .. Cheap money , massive bailouts of crony banksters , manipulated employment figures , etc , etc , ..",noHate,hate,0.6597065
I bet they wouldnt have done that crap to a black person that had black power or those black fists that the panthers use written on his back pack .,hate,hate,0.95592767
"www.sjca.edu St. John 's College , Santa Fe , N.M.",noHate,noHate,0.029566543
"agreed, there is no reason to make genocide of other races as long as they are in another country and have nothing to do with our affairs !",hate,hate,0.8527627
You are joining a unit that is famous for its great spirit and effectiveness at awakening our kinsmen .,noHate,noHate,0.060410894
Enjoy your classroom .,noHate,noHate,0.03587647
you gotta stand up for yourself you cant just sit back and take their * * * * but on the other hand you cant go out looking for it either but if it comes down to a fight dont back down,noHate,hate,0.62019485
God forbid anyone should promote straight racially loyal hetrosexuality Diablo,hate,hate,0.8742608
"First off they probably wont do anything , second off dont start anything .",noHate,noHate,0.3619215
- = Wulfi = -,noHate,noHate,0.07156263
Sometimes I do watch shows about WWII on the History channel but other than that I never watch it .,noHate,noHate,0.027175775
LOL GJ brother 10 points for the Uber humans and - 10 for the sub human ape creatures you are truly one bad mofo whitey crakker man,hate,hate,0.94169235
They probably stole a bunch of stuff .,hate,noHate,0.25850755
it is better with a shaved head.A friend of mine was beaten really bad a year ago because they could have pulled him by his hair .,noHate,noHate,0.33849373
damn! at least that sounds more plausable than a stupid sea. maybe look on ebay ??? are u sure there is none left ???,noHate,hate,0.738163
"Its simple , they want to create white guilt , .",hate,noHate,0.100496136
"Welcome to Stormfront , the largest White Nationalist community on the web .",noHate,noHate,0.021728665
I know how you feel BreakTheSilence luckily this is your last year in school and it is almost over otherwise I would say you should look into independent study where you do not have to put up with all the filth that is in the public education system .,hate,noHate,0.44089502
"I am going to try and update my site soon , I did however add a chat room .",noHate,noHate,0.18433052
I've told my friends and all of them agree with me ( some only partially ) .,noHate,noHate,0.044685256
It makes my flesh crawl when I see white girls having to be felt up as they walk down the hallways by big lipped spear chuckers. : attack,hate,hate,0.5404375
You could try looking at the National socialist and Fascist Resource Centre at http://www.ufc.co.uk They cover a whole range of educational material .,noHate,noHate,0.06929053
American Media appears to have a blackout on these developments .,noHate,noHate,0.14605892
And now this clip suggests they were suffering by having to live among heartless and barbarian Whites .,hate,hate,0.60077363
Apparently the Jews ca n't take it when the truth is spoken about them .,hate,hate,0.93691623
Whether or not one chooses to eat meat is a very personal decision .,noHate,noHate,0.30655643
the money he is giving away to refugees and the third world is money Canada does not even have !,noHate,hate,0.7918847
Now I get it !,noHate,noHate,0.06146862
